{
  "best_model": "logistic_regression",
  "results": {
    "logistic_regression": {
      "accuracy": 0.754,
      "precision": 0.467966573816156,
      "recall": 0.7533632286995515,
      "f1": 0.5773195876288659,
      "roc_auc": 0.8334574164170576
    },
    "random_forest": {
      "accuracy": 0.809,
      "precision": 0.5677966101694916,
      "recall": 0.600896860986547,
      "f1": 0.5838779956427015,
      "roc_auc": 0.8165186326621304
    },
    "xgboost": {
      "accuracy": 0.776,
      "precision": 0.4981132075471698,
      "recall": 0.5919282511210763,
      "f1": 0.5409836065573771,
      "roc_auc": 0.7977734300604256
    }
  }
}